{"0": [[3.4431773505930274, -2.5599453713740226]], "1": [[4.559630849714784]]}