{"0": [[7.127012851461331, 5.007402792796261], [-6.741808364742565, -5.629633547739537]], "1": [[-10.068090927081595], [9.500073291538015]]}